zip;city;state;latitude;longitude;timezone;dst;totalPop;subPop
210;Portsmouth;NH;43.00590;-71.01320;-5;TRUE;43177;42705
653;Guanica;PR;17.99211;-66.90097;-4;FALSE;37224;36926
952;Sabana Seca;PR;18.42922;-66.18014;-4;FALSE;37168;27556
2571;Wareham;MA;41.75155;-70.71059;-5;TRUE;15492;10827
4211;Auburn;ME;44.19701;-70.23949;-5;TRUE;1614;774
5286;Craftsbury;VT;44.62770;-72.43440;-5;TRUE;88802;39060
6478;Oxford;CT;41.42816;-73.12729;-5;TRUE;2587;1542
7839;Greendell;NJ;41.12831;-74.67896;-5;TRUE;80043;21304
10090;New York;NY;40.78075;-73.97718;-5;TRUE;78580;53438
11559;Lawrence;NY;40.61579;-73.73126;-5;TRUE;87461;2896
