<?xml version="1.0" encoding="UTF-8"?>
<metadata xml:lang="en"><Esri><CreaDate>20110927</CreaDate><CreaTime>10265400</CreaTime><ArcGISFormat>1.0</ArcGISFormat><SyncOnce>TRUE</SyncOnce><ModDate>20110909</ModDate><ModTime>14540500</ModTime><ArcGISProfile>ItemDescription</ArcGISProfile><DataProperties><itemProps><itemLocation><linkage Sync="TRUE">file://\\CISSV0\DEPARTMENT\BNIA\Mapping\Shapefiles\General Boundaries\2010\Neighborhoods_2010</linkage><protocol Sync="TRUE">Local Area Network</protocol></itemLocation></itemProps><copyHistory><copy source="R:\BNIA\Mapping\Shapefiles\General Boundaries\Neighborhoods_2010" dest="\\CISSV0\DEPARTMENT\BNIA\Mapping\Shapefiles\General Boundaries\2010\Neighborhoods_2010" date="20111010" time="13204300"/></copyHistory></DataProperties></Esri><dataIdInfo><idCitation><resTitle>2010 Census Data - City of Baltimore - City Neighborhood Statistical Areas</resTitle></idCitation><idAbs>&lt;DIV STYLE="text-align:Left;"&gt;&lt;DIV&gt;&lt;DIV&gt;&lt;TABLE&gt;&lt;TBODY&gt;&lt;TR&gt;&lt;TD&gt;&lt;P&gt;&lt;SPAN&gt;&lt;SPAN&gt;Header&lt;/SPAN&gt;&lt;/SPAN&gt;&lt;/P&gt;&lt;/TD&gt;&lt;TD&gt;&lt;P&gt;&lt;SPAN&gt;&lt;SPAN&gt;Description&lt;/SPAN&gt;&lt;/SPAN&gt;&lt;/P&gt;&lt;/TD&gt;&lt;TD&gt;&lt;P /&gt;&lt;/TD&gt;&lt;TD&gt;&lt;P /&gt;&lt;/TD&gt;&lt;TD&gt;&lt;P /&gt;&lt;/TD&gt;&lt;TD&gt;&lt;P /&gt;&lt;/TD&gt;&lt;/TR&gt;&lt;TR&gt;&lt;TD&gt;&lt;P&gt;&lt;SPAN&gt;&lt;SPAN&gt;NAME&lt;/SPAN&gt;&lt;/SPAN&gt;&lt;/P&gt;&lt;/TD&gt;&lt;TD&gt;&lt;P&gt;&lt;SPAN&gt;&lt;SPAN&gt;Name of Geography&lt;/SPAN&gt;&lt;/SPAN&gt;&lt;/P&gt;&lt;/TD&gt;&lt;TD&gt;&lt;P /&gt;&lt;/TD&gt;&lt;TD&gt;&lt;P /&gt;&lt;/TD&gt;&lt;TD&gt;&lt;P /&gt;&lt;/TD&gt;&lt;TD&gt;&lt;P /&gt;&lt;/TD&gt;&lt;/TR&gt;&lt;TR&gt;&lt;TD&gt;&lt;P&gt;&lt;SPAN&gt;&lt;SPAN&gt;Population&lt;/SPAN&gt;&lt;/SPAN&gt;&lt;/P&gt;&lt;/TD&gt;&lt;TD&gt;&lt;P&gt;&lt;SPAN&gt;&lt;SPAN&gt;Total Population Count&lt;/SPAN&gt;&lt;/SPAN&gt;&lt;/P&gt;&lt;/TD&gt;&lt;TD&gt;&lt;P /&gt;&lt;/TD&gt;&lt;TD&gt;&lt;P /&gt;&lt;/TD&gt;&lt;TD&gt;&lt;P /&gt;&lt;/TD&gt;&lt;TD&gt;&lt;P /&gt;&lt;/TD&gt;&lt;/TR&gt;&lt;TR&gt;&lt;TD&gt;&lt;P&gt;&lt;SPAN&gt;&lt;SPAN&gt;White&lt;/SPAN&gt;&lt;/SPAN&gt;&lt;/P&gt;&lt;/TD&gt;&lt;TD&gt;&lt;P&gt;&lt;SPAN&gt;&lt;SPAN&gt;Total Count of Population that is White&lt;/SPAN&gt;&lt;/SPAN&gt;&lt;/P&gt;&lt;/TD&gt;&lt;TD&gt;&lt;P /&gt;&lt;/TD&gt;&lt;TD&gt;&lt;P /&gt;&lt;/TD&gt;&lt;TD&gt;&lt;P /&gt;&lt;/TD&gt;&lt;TD&gt;&lt;P /&gt;&lt;/TD&gt;&lt;/TR&gt;&lt;TR&gt;&lt;TD&gt;&lt;P&gt;&lt;SPAN&gt;&lt;SPAN&gt;Blk_AfAm&lt;/SPAN&gt;&lt;/SPAN&gt;&lt;/P&gt;&lt;/TD&gt;&lt;TD&gt;&lt;P&gt;&lt;SPAN&gt;&lt;SPAN&gt;Total Count of Population that is Black/African American&lt;/SPAN&gt;&lt;/SPAN&gt;&lt;/P&gt;&lt;/TD&gt;&lt;TD&gt;&lt;P /&gt;&lt;/TD&gt;&lt;TD&gt;&lt;P /&gt;&lt;/TD&gt;&lt;TD&gt;&lt;P /&gt;&lt;/TD&gt;&lt;TD&gt;&lt;P /&gt;&lt;/TD&gt;&lt;/TR&gt;&lt;TR&gt;&lt;TD&gt;&lt;P&gt;&lt;SPAN&gt;&lt;SPAN&gt;AmInd_AkNa&lt;/SPAN&gt;&lt;/SPAN&gt;&lt;/P&gt;&lt;/TD&gt;&lt;TD&gt;&lt;P&gt;&lt;SPAN&gt;&lt;SPAN&gt;Total Count of Population that is American Indian/Native Alaskan&lt;/SPAN&gt;&lt;/SPAN&gt;&lt;/P&gt;&lt;/TD&gt;&lt;TD&gt;&lt;P /&gt;&lt;/TD&gt;&lt;TD&gt;&lt;P /&gt;&lt;/TD&gt;&lt;TD&gt;&lt;P /&gt;&lt;/TD&gt;&lt;TD&gt;&lt;P /&gt;&lt;/TD&gt;&lt;/TR&gt;&lt;TR&gt;&lt;TD&gt;&lt;P&gt;&lt;SPAN&gt;&lt;SPAN&gt;Asian&lt;/SPAN&gt;&lt;/SPAN&gt;&lt;/P&gt;&lt;/TD&gt;&lt;TD&gt;&lt;P&gt;&lt;SPAN&gt;&lt;SPAN&gt;Total Count of Population that is Asian&lt;/SPAN&gt;&lt;/SPAN&gt;&lt;/P&gt;&lt;/TD&gt;&lt;TD&gt;&lt;P /&gt;&lt;/TD&gt;&lt;TD&gt;&lt;P /&gt;&lt;/TD&gt;&lt;TD&gt;&lt;P /&gt;&lt;/TD&gt;&lt;TD&gt;&lt;P /&gt;&lt;/TD&gt;&lt;/TR&gt;&lt;TR&gt;&lt;TD&gt;&lt;P&gt;&lt;SPAN&gt;&lt;SPAN&gt;NatHaw_Pac&lt;/SPAN&gt;&lt;/SPAN&gt;&lt;/P&gt;&lt;/TD&gt;&lt;TD&gt;&lt;P&gt;&lt;SPAN&gt;&lt;SPAN&gt;Total Count of Population that is Native Hawaiian/Pacific Islander&lt;/SPAN&gt;&lt;/SPAN&gt;&lt;/P&gt;&lt;/TD&gt;&lt;TD&gt;&lt;P /&gt;&lt;/TD&gt;&lt;TD&gt;&lt;P /&gt;&lt;/TD&gt;&lt;TD&gt;&lt;P /&gt;&lt;/TD&gt;&lt;TD&gt;&lt;P /&gt;&lt;/TD&gt;&lt;/TR&gt;&lt;TR&gt;&lt;TD&gt;&lt;P&gt;&lt;SPAN&gt;&lt;SPAN&gt;Other_Race&lt;/SPAN&gt;&lt;/SPAN&gt;&lt;/P&gt;&lt;/TD&gt;&lt;TD&gt;&lt;P&gt;&lt;SPAN&gt;&lt;SPAN&gt;Total Count of Population that is of another race&lt;/SPAN&gt;&lt;/SPAN&gt;&lt;/P&gt;&lt;/TD&gt;&lt;TD&gt;&lt;P /&gt;&lt;/TD&gt;&lt;TD&gt;&lt;P /&gt;&lt;/TD&gt;&lt;TD&gt;&lt;P /&gt;&lt;/TD&gt;&lt;TD&gt;&lt;P /&gt;&lt;/TD&gt;&lt;/TR&gt;&lt;TR&gt;&lt;TD&gt;&lt;P&gt;&lt;SPAN&gt;&lt;SPAN&gt;TwoOrMore&lt;/SPAN&gt;&lt;/SPAN&gt;&lt;/P&gt;&lt;/TD&gt;&lt;TD&gt;&lt;P&gt;&lt;SPAN&gt;&lt;SPAN&gt;Total Count of Population that is of two or more races&lt;/SPAN&gt;&lt;/SPAN&gt;&lt;/P&gt;&lt;/TD&gt;&lt;TD&gt;&lt;P /&gt;&lt;/TD&gt;&lt;TD&gt;&lt;P /&gt;&lt;/TD&gt;&lt;TD&gt;&lt;P /&gt;&lt;/TD&gt;&lt;TD&gt;&lt;P /&gt;&lt;/TD&gt;&lt;/TR&gt;&lt;TR&gt;&lt;TD&gt;&lt;P&gt;&lt;SPAN&gt;&lt;SPAN&gt;Hisp_Lat&lt;/SPAN&gt;&lt;/SPAN&gt;&lt;/P&gt;&lt;/TD&gt;&lt;TD&gt;&lt;P&gt;&lt;SPAN&gt;&lt;SPAN&gt;Total Count of Population that is Hispanic/Latino&lt;/SPAN&gt;&lt;/SPAN&gt;&lt;/P&gt;&lt;/TD&gt;&lt;TD&gt;&lt;P /&gt;&lt;/TD&gt;&lt;TD&gt;&lt;P /&gt;&lt;/TD&gt;&lt;TD&gt;&lt;P /&gt;&lt;/TD&gt;&lt;TD&gt;&lt;P /&gt;&lt;/TD&gt;&lt;/TR&gt;&lt;TR&gt;&lt;TD&gt;&lt;P&gt;&lt;SPAN&gt;&lt;SPAN&gt;Male&lt;/SPAN&gt;&lt;/SPAN&gt;&lt;/P&gt;&lt;/TD&gt;&lt;TD&gt;&lt;P STYLE="margin:0 0 0 0;"&gt;&lt;SPAN&gt;&lt;SPAN&gt;Total Count of Population that is Male&lt;/SPAN&gt;&lt;/SPAN&gt;&lt;/P&gt;&lt;/TD&gt;&lt;TD&gt;&lt;P /&gt;&lt;/TD&gt;&lt;TD&gt;&lt;P /&gt;&lt;/TD&gt;&lt;TD&gt;&lt;P /&gt;&lt;/TD&gt;&lt;TD&gt;&lt;P /&gt;&lt;/TD&gt;&lt;/TR&gt;&lt;TR&gt;&lt;TD&gt;&lt;P&gt;&lt;SPAN&gt;&lt;SPAN&gt;Female&lt;/SPAN&gt;&lt;/SPAN&gt;&lt;/P&gt;&lt;/TD&gt;&lt;TD&gt;&lt;P STYLE="margin:0 0 0 0;"&gt;&lt;SPAN&gt;&lt;SPAN&gt;Total Count of Population that is Female&lt;/SPAN&gt;&lt;/SPAN&gt;&lt;/P&gt;&lt;/TD&gt;&lt;TD&gt;&lt;P /&gt;&lt;/TD&gt;&lt;TD&gt;&lt;P /&gt;&lt;/TD&gt;&lt;TD&gt;&lt;P /&gt;&lt;/TD&gt;&lt;TD&gt;&lt;P /&gt;&lt;/TD&gt;&lt;/TR&gt;&lt;TR&gt;&lt;TD&gt;&lt;P&gt;&lt;SPAN&gt;&lt;SPAN&gt;Age0_4&lt;/SPAN&gt;&lt;/SPAN&gt;&lt;/P&gt;&lt;/TD&gt;&lt;TD&gt;&lt;P STYLE="margin:0 0 0 0;"&gt;&lt;SPAN&gt;&lt;SPAN&gt;Total Count of Population Age 0-4&lt;/SPAN&gt;&lt;/SPAN&gt;&lt;/P&gt;&lt;/TD&gt;&lt;TD&gt;&lt;P /&gt;&lt;/TD&gt;&lt;TD&gt;&lt;P /&gt;&lt;/TD&gt;&lt;TD&gt;&lt;P /&gt;&lt;/TD&gt;&lt;TD&gt;&lt;P /&gt;&lt;/TD&gt;&lt;/TR&gt;&lt;TR&gt;&lt;TD&gt;&lt;P&gt;&lt;SPAN&gt;&lt;SPAN&gt;Age5_11&lt;/SPAN&gt;&lt;/SPAN&gt;&lt;/P&gt;&lt;/TD&gt;&lt;TD&gt;&lt;P STYLE="margin:0 0 0 0;"&gt;&lt;SPAN&gt;&lt;SPAN&gt;Total Count of Population Age 5-11&lt;/SPAN&gt;&lt;/SPAN&gt;&lt;/P&gt;&lt;/TD&gt;&lt;TD&gt;&lt;P /&gt;&lt;/TD&gt;&lt;TD&gt;&lt;P /&gt;&lt;/TD&gt;&lt;TD&gt;&lt;P /&gt;&lt;/TD&gt;&lt;TD&gt;&lt;P /&gt;&lt;/TD&gt;&lt;/TR&gt;&lt;TR&gt;&lt;TD&gt;&lt;P&gt;&lt;SPAN&gt;&lt;SPAN&gt;Age12_14&lt;/SPAN&gt;&lt;/SPAN&gt;&lt;/P&gt;&lt;/TD&gt;&lt;TD&gt;&lt;P STYLE="margin:0 0 0 0;"&gt;&lt;SPAN&gt;&lt;SPAN&gt;Total Count of Population Age 12-14&lt;/SPAN&gt;&lt;/SPAN&gt;&lt;/P&gt;&lt;/TD&gt;&lt;TD&gt;&lt;P /&gt;&lt;/TD&gt;&lt;TD&gt;&lt;P /&gt;&lt;/TD&gt;&lt;TD&gt;&lt;P /&gt;&lt;/TD&gt;&lt;TD&gt;&lt;P /&gt;&lt;/TD&gt;&lt;/TR&gt;&lt;TR&gt;&lt;TD&gt;&lt;P&gt;&lt;SPAN&gt;&lt;SPAN&gt;Age15_17&lt;/SPAN&gt;&lt;/SPAN&gt;&lt;/P&gt;&lt;/TD&gt;&lt;TD&gt;&lt;P STYLE="margin:0 0 0 0;"&gt;&lt;SPAN&gt;&lt;SPAN&gt;Total Count of Population Age 15-17&lt;/SPAN&gt;&lt;/SPAN&gt;&lt;/P&gt;&lt;/TD&gt;&lt;TD&gt;&lt;P /&gt;&lt;/TD&gt;&lt;TD&gt;&lt;P /&gt;&lt;/TD&gt;&lt;TD&gt;&lt;P /&gt;&lt;/TD&gt;&lt;TD&gt;&lt;P /&gt;&lt;/TD&gt;&lt;/TR&gt;&lt;TR&gt;&lt;TD&gt;&lt;P&gt;&lt;SPAN&gt;&lt;SPAN&gt;Age18_24&lt;/SPAN&gt;&lt;/SPAN&gt;&lt;/P&gt;&lt;/TD&gt;&lt;TD&gt;&lt;P STYLE="margin:0 0 0 0;"&gt;&lt;SPAN&gt;&lt;SPAN&gt;Total Count of Population Age 18-24&lt;/SPAN&gt;&lt;/SPAN&gt;&lt;/P&gt;&lt;/TD&gt;&lt;TD&gt;&lt;P /&gt;&lt;/TD&gt;&lt;TD&gt;&lt;P /&gt;&lt;/TD&gt;&lt;TD&gt;&lt;P /&gt;&lt;/TD&gt;&lt;TD&gt;&lt;P /&gt;&lt;/TD&gt;&lt;/TR&gt;&lt;TR&gt;&lt;TD&gt;&lt;P&gt;&lt;SPAN&gt;&lt;SPAN&gt;Age25_34&lt;/SPAN&gt;&lt;/SPAN&gt;&lt;/P&gt;&lt;/TD&gt;&lt;TD&gt;&lt;P STYLE="margin:0 0 0 0;"&gt;&lt;SPAN&gt;&lt;SPAN&gt;Total Count of Population Age 25-34&lt;/SPAN&gt;&lt;/SPAN&gt;&lt;/P&gt;&lt;/TD&gt;&lt;TD&gt;&lt;P /&gt;&lt;/TD&gt;&lt;TD&gt;&lt;P /&gt;&lt;/TD&gt;&lt;TD&gt;&lt;P /&gt;&lt;/TD&gt;&lt;TD&gt;&lt;P /&gt;&lt;/TD&gt;&lt;/TR&gt;&lt;TR&gt;&lt;TD&gt;&lt;P&gt;&lt;SPAN&gt;&lt;SPAN&gt;Age35_44&lt;/SPAN&gt;&lt;/SPAN&gt;&lt;/P&gt;&lt;/TD&gt;&lt;TD&gt;&lt;P STYLE="margin:0 0 0 0;"&gt;&lt;SPAN&gt;&lt;SPAN&gt;Total Count of Population Age 35-44&lt;/SPAN&gt;&lt;/SPAN&gt;&lt;/P&gt;&lt;/TD&gt;&lt;TD&gt;&lt;P /&gt;&lt;/TD&gt;&lt;TD&gt;&lt;P /&gt;&lt;/TD&gt;&lt;TD&gt;&lt;P /&gt;&lt;/TD&gt;&lt;TD&gt;&lt;P /&gt;&lt;/TD&gt;&lt;/TR&gt;&lt;TR&gt;&lt;TD&gt;&lt;P&gt;&lt;SPAN&gt;&lt;SPAN&gt;Age45_64&lt;/SPAN&gt;&lt;/SPAN&gt;&lt;/P&gt;&lt;/TD&gt;&lt;TD&gt;&lt;P STYLE="margin:0 0 0 0;"&gt;&lt;SPAN&gt;&lt;SPAN&gt;Total Count of Population Age 45-64&lt;/SPAN&gt;&lt;/SPAN&gt;&lt;/P&gt;&lt;/TD&gt;&lt;TD&gt;&lt;P /&gt;&lt;/TD&gt;&lt;TD&gt;&lt;P /&gt;&lt;/TD&gt;&lt;TD&gt;&lt;P /&gt;&lt;/TD&gt;&lt;TD&gt;&lt;P /&gt;&lt;/TD&gt;&lt;/TR&gt;&lt;TR&gt;&lt;TD&gt;&lt;P&gt;&lt;SPAN&gt;&lt;SPAN&gt;Age65ovr&lt;/SPAN&gt;&lt;/SPAN&gt;&lt;/P&gt;&lt;/TD&gt;&lt;TD&gt;&lt;P STYLE="margin:0 0 0 0;"&gt;&lt;SPAN&gt;&lt;SPAN&gt;Total Count of Population Age 65 and Over&lt;/SPAN&gt;&lt;/SPAN&gt;&lt;/P&gt;&lt;/TD&gt;&lt;TD&gt;&lt;P /&gt;&lt;/TD&gt;&lt;TD&gt;&lt;P /&gt;&lt;/TD&gt;&lt;TD&gt;&lt;P /&gt;&lt;/TD&gt;&lt;TD&gt;&lt;P /&gt;&lt;/TD&gt;&lt;/TR&gt;&lt;TR&gt;&lt;TD&gt;&lt;P&gt;&lt;SPAN&gt;&lt;SPAN&gt;Families&lt;/SPAN&gt;&lt;/SPAN&gt;&lt;/P&gt;&lt;/TD&gt;&lt;TD&gt;&lt;P STYLE="margin:0 0 0 0;"&gt;&lt;SPAN&gt;&lt;SPAN&gt;Total Count of Families&lt;/SPAN&gt;&lt;/SPAN&gt;&lt;/P&gt;&lt;/TD&gt;&lt;TD&gt;&lt;P /&gt;&lt;/TD&gt;&lt;TD&gt;&lt;P /&gt;&lt;/TD&gt;&lt;TD&gt;&lt;P /&gt;&lt;/TD&gt;&lt;TD&gt;&lt;P /&gt;&lt;/TD&gt;&lt;/TR&gt;&lt;TR&gt;&lt;TD&gt;&lt;P&gt;&lt;SPAN&gt;&lt;SPAN&gt;Married&lt;/SPAN&gt;&lt;/SPAN&gt;&lt;/P&gt;&lt;/TD&gt;&lt;TD&gt;&lt;P STYLE="margin:0 0 0 0;"&gt;&lt;SPAN&gt;&lt;SPAN&gt;Total Count of Married Couple Families &lt;/SPAN&gt;&lt;/SPAN&gt;&lt;/P&gt;&lt;/TD&gt;&lt;TD&gt;&lt;P /&gt;&lt;/TD&gt;&lt;TD&gt;&lt;P /&gt;&lt;/TD&gt;&lt;TD&gt;&lt;P /&gt;&lt;/TD&gt;&lt;TD&gt;&lt;P /&gt;&lt;/TD&gt;&lt;/TR&gt;&lt;TR&gt;&lt;TD&gt;&lt;P&gt;&lt;SPAN&gt;&lt;SPAN&gt;Married18&lt;/SPAN&gt;&lt;/SPAN&gt;&lt;/P&gt;&lt;/TD&gt;&lt;TD&gt;&lt;P STYLE="margin:0 0 0 0;"&gt;&lt;SPAN&gt;&lt;SPAN&gt;Total Count of Married Couple Families With Persons Present Under Age 18 &lt;/SPAN&gt;&lt;/SPAN&gt;&lt;/P&gt;&lt;/TD&gt;&lt;TD&gt;&lt;P /&gt;&lt;/TD&gt;&lt;TD&gt;&lt;P /&gt;&lt;/TD&gt;&lt;TD&gt;&lt;P /&gt;&lt;/TD&gt;&lt;/TR&gt;&lt;TR&gt;&lt;TD&gt;&lt;P&gt;&lt;SPAN&gt;&lt;SPAN&gt;MaleHH&lt;/SPAN&gt;&lt;/SPAN&gt;&lt;/P&gt;&lt;/TD&gt;&lt;TD&gt;&lt;P STYLE="margin:0 0 0 0;"&gt;&lt;SPAN&gt;&lt;SPAN&gt;Total Count of Families, Male Householder, No Wife Present&lt;/SPAN&gt;&lt;/SPAN&gt;&lt;/P&gt;&lt;/TD&gt;&lt;TD&gt;&lt;P /&gt;&lt;/TD&gt;&lt;TD&gt;&lt;P /&gt;&lt;/TD&gt;&lt;TD&gt;&lt;P /&gt;&lt;/TD&gt;&lt;TD&gt;&lt;P /&gt;&lt;/TD&gt;&lt;/TR&gt;&lt;TR&gt;&lt;TD&gt;&lt;P&gt;&lt;SPAN&gt;&lt;SPAN&gt;MaleHH18&lt;/SPAN&gt;&lt;/SPAN&gt;&lt;/P&gt;&lt;/TD&gt;&lt;TD&gt;&lt;P STYLE="margin:0 0 0 0;"&gt;&lt;SPAN&gt;&lt;SPAN&gt;Total Count of Families, Male Householder, No Wife Present, Persons Present Under Age 18&lt;/SPAN&gt;&lt;/SPAN&gt;&lt;/P&gt;&lt;/TD&gt;&lt;TD&gt;&lt;P /&gt;&lt;/TD&gt;&lt;/TR&gt;&lt;TR&gt;&lt;TD&gt;&lt;P&gt;&lt;SPAN&gt;&lt;SPAN&gt;FemaleHH&lt;/SPAN&gt;&lt;/SPAN&gt;&lt;/P&gt;&lt;/TD&gt;&lt;TD&gt;&lt;P STYLE="margin:0 0 0 0;"&gt;&lt;SPAN&gt;&lt;SPAN&gt;Total Count of Families, Female Householder, No Husband Present&lt;/SPAN&gt;&lt;/SPAN&gt;&lt;/P&gt;&lt;/TD&gt;&lt;TD&gt;&lt;P /&gt;&lt;/TD&gt;&lt;TD&gt;&lt;P /&gt;&lt;/TD&gt;&lt;TD&gt;&lt;P /&gt;&lt;/TD&gt;&lt;TD&gt;&lt;P /&gt;&lt;/TD&gt;&lt;/TR&gt;&lt;TR&gt;&lt;TD&gt;&lt;P&gt;&lt;SPAN&gt;&lt;SPAN&gt;FemaleHH18&lt;/SPAN&gt;&lt;/SPAN&gt;&lt;/P&gt;&lt;/TD&gt;&lt;TD&gt;&lt;P STYLE="margin:0 0 0 0;"&gt;&lt;SPAN&gt;&lt;SPAN&gt;Total Count of Families, Female Householder, No Husband Present, Persons Present Under Age 18&lt;/SPAN&gt;&lt;/SPAN&gt;&lt;/P&gt;&lt;/TD&gt;&lt;TD&gt;&lt;P /&gt;&lt;/TD&gt;&lt;/TR&gt;&lt;TR&gt;&lt;TD&gt;&lt;P&gt;&lt;SPAN&gt;&lt;SPAN&gt;Housing&lt;/SPAN&gt;&lt;/SPAN&gt;&lt;/P&gt;&lt;/TD&gt;&lt;TD&gt;&lt;P STYLE="margin:0 0 0 0;"&gt;&lt;SPAN&gt;&lt;SPAN&gt;Total Count of Housing Units&lt;/SPAN&gt;&lt;/SPAN&gt;&lt;/P&gt;&lt;/TD&gt;&lt;TD&gt;&lt;P /&gt;&lt;/TD&gt;&lt;TD&gt;&lt;P /&gt;&lt;/TD&gt;&lt;TD&gt;&lt;P /&gt;&lt;/TD&gt;&lt;TD&gt;&lt;P /&gt;&lt;/TD&gt;&lt;/TR&gt;&lt;TR&gt;&lt;TD&gt;&lt;P&gt;&lt;SPAN&gt;&lt;SPAN&gt;Occupied&lt;/SPAN&gt;&lt;/SPAN&gt;&lt;/P&gt;&lt;/TD&gt;&lt;TD&gt;&lt;P STYLE="margin:0 0 0 0;"&gt;&lt;SPAN&gt;&lt;SPAN&gt;Total Count of Occupied Housing Units&lt;/SPAN&gt;&lt;/SPAN&gt;&lt;/P&gt;&lt;/TD&gt;&lt;TD&gt;&lt;P /&gt;&lt;/TD&gt;&lt;TD&gt;&lt;P /&gt;&lt;/TD&gt;&lt;TD&gt;&lt;P /&gt;&lt;/TD&gt;&lt;TD&gt;&lt;P /&gt;&lt;/TD&gt;&lt;/TR&gt;&lt;TR&gt;&lt;TD&gt;&lt;P&gt;&lt;SPAN&gt;&lt;SPAN&gt;Occ_Own&lt;/SPAN&gt;&lt;/SPAN&gt;&lt;/P&gt;&lt;/TD&gt;&lt;TD&gt;&lt;P STYLE="margin:0 0 0 0;"&gt;&lt;SPAN&gt;&lt;SPAN&gt;Total Count of Owner Occupied Housing Units&lt;/SPAN&gt;&lt;/SPAN&gt;&lt;/P&gt;&lt;/TD&gt;&lt;TD&gt;&lt;P /&gt;&lt;/TD&gt;&lt;TD&gt;&lt;P /&gt;&lt;/TD&gt;&lt;TD&gt;&lt;P /&gt;&lt;/TD&gt;&lt;TD&gt;&lt;P /&gt;&lt;/TD&gt;&lt;/TR&gt;&lt;TR&gt;&lt;TD&gt;&lt;P&gt;&lt;SPAN&gt;&lt;SPAN&gt;Occ_Rent&lt;/SPAN&gt;&lt;/SPAN&gt;&lt;/P&gt;&lt;/TD&gt;&lt;TD&gt;&lt;P STYLE="margin:0 0 0 0;"&gt;&lt;SPAN&gt;&lt;SPAN&gt;Total Count of Renter Occupied Housing Units&lt;/SPAN&gt;&lt;/SPAN&gt;&lt;/P&gt;&lt;/TD&gt;&lt;TD&gt;&lt;P /&gt;&lt;/TD&gt;&lt;TD&gt;&lt;P /&gt;&lt;/TD&gt;&lt;TD&gt;&lt;P /&gt;&lt;/TD&gt;&lt;TD&gt;&lt;P /&gt;&lt;/TD&gt;&lt;/TR&gt;&lt;TR&gt;&lt;TD&gt;&lt;P&gt;&lt;SPAN&gt;&lt;SPAN&gt;Vacant &lt;/SPAN&gt;&lt;/SPAN&gt;&lt;/P&gt;&lt;/TD&gt;&lt;TD&gt;&lt;P STYLE="margin:0 0 0 0;"&gt;&lt;SPAN&gt;&lt;SPAN&gt;Total Count of Vacant Housing Units&lt;/SPAN&gt;&lt;/SPAN&gt;&lt;/P&gt;&lt;/TD&gt;&lt;TD&gt;&lt;P /&gt;&lt;/TD&gt;&lt;TD&gt;&lt;P /&gt;&lt;/TD&gt;&lt;TD&gt;&lt;P /&gt;&lt;/TD&gt;&lt;TD&gt;&lt;P /&gt;&lt;/TD&gt;&lt;/TR&gt;&lt;TR&gt;&lt;TD&gt;&lt;P&gt;&lt;SPAN&gt;&lt;SPAN&gt;Vac_Rent&lt;/SPAN&gt;&lt;/SPAN&gt;&lt;/P&gt;&lt;/TD&gt;&lt;TD&gt;&lt;P STYLE="margin:0 0 0 0;"&gt;&lt;SPAN&gt;&lt;SPAN&gt;Total Count of Vacant Housing Units for Rent&lt;/SPAN&gt;&lt;/SPAN&gt;&lt;/P&gt;&lt;/TD&gt;&lt;TD&gt;&lt;P /&gt;&lt;/TD&gt;&lt;TD&gt;&lt;P /&gt;&lt;/TD&gt;&lt;TD&gt;&lt;P /&gt;&lt;/TD&gt;&lt;TD&gt;&lt;P /&gt;&lt;/TD&gt;&lt;/TR&gt;&lt;TR&gt;&lt;TD&gt;&lt;P&gt;&lt;SPAN&gt;&lt;SPAN&gt;Vac_Sale&lt;/SPAN&gt;&lt;/SPAN&gt;&lt;/P&gt;&lt;/TD&gt;&lt;TD&gt;&lt;P STYLE="margin:0 0 0 0;"&gt;&lt;SPAN&gt;&lt;SPAN&gt;Total Count of Vacant Housing Units for Sale&lt;/SPAN&gt;&lt;/SPAN&gt;&lt;/P&gt;&lt;/TD&gt;&lt;TD&gt;&lt;P /&gt;&lt;/TD&gt;&lt;TD&gt;&lt;P /&gt;&lt;/TD&gt;&lt;TD&gt;&lt;P /&gt;&lt;/TD&gt;&lt;TD&gt;&lt;P /&gt;&lt;/TD&gt;&lt;/TR&gt;&lt;TR&gt;&lt;TD&gt;&lt;P&gt;&lt;SPAN&gt;&lt;SPAN&gt;Vac_Other&lt;/SPAN&gt;&lt;/SPAN&gt;&lt;/P&gt;&lt;/TD&gt;&lt;TD&gt;&lt;P STYLE="margin:0 0 0 0;"&gt;&lt;SPAN&gt;&lt;SPAN&gt;Total Count of Vacant Housing Units, Other&lt;/SPAN&gt;&lt;/SPAN&gt;&lt;/P&gt;&lt;/TD&gt;&lt;TD&gt;&lt;P /&gt;&lt;/TD&gt;&lt;TD&gt;&lt;P /&gt;&lt;/TD&gt;&lt;TD&gt;&lt;P /&gt;&lt;/TD&gt;&lt;TD&gt;&lt;P /&gt;&lt;/TD&gt;&lt;/TR&gt;&lt;/TBODY&gt;&lt;/TABLE&gt;&lt;P&gt;&lt;SPAN /&gt;&lt;/P&gt;&lt;/DIV&gt;&lt;/DIV&gt;&lt;/DIV&gt;</idAbs><idCredit>Source:  U.S. Census Bureau, 2010 Census, Summary File 1
Prepared by City of Baltimore, Department of Planning</idCredit><resConst><Consts><useLimit>THE CITY OF BALTIMORE MAKES NO REPRESENTATIONS NOR WARRANTIES, EITHER EXPRESSED OR IMPLIED, REGARDING THE ACCURACY OF INFORMATION CONTAINED ON THIS MAP OR ITS SUITABILITY FOR ANY PARTICULAR PURPOSE WHATSOEVER. THE MAP IS SOLD AND/OR PROVIDED "AS IS" AND THE CITY OF BALTIMORE WILL NOT BE LIABLE FOR ITS USE OR MISUSE BY ANY PARTY.</useLimit></Consts></resConst></dataIdInfo><mdDateSt>20110909</mdDateSt></metadata>
