geoid,geoid2,geoname,totalpop,maroferror
1400000US31001965400,31001965400,"Census Tract 9654, Adams County, Nebraska",4077,180
1400000US31001965500,31001965500,"Census Tract 9655, Adams County, Nebraska",3951,309
1400000US31001965600,31001965600,"Census Tract 9656, Adams County, Nebraska",5488,321
1400000US31001965700,31001965700,"Census Tract 9657, Adams County, Nebraska",1266,171
1400000US31001965800,31001965800,"Census Tract 9658, Adams County, Nebraska",2724,299
1400000US31001965900,31001965900,"Census Tract 9659, Adams County, Nebraska",4331,290
1400000US31001966000,31001966000,"Census Tract 9660, Adams County, Nebraska",4837,330
1400000US31001966100,31001966100,"Census Tract 9661, Adams County, Nebraska",2399,200
1400000US31001966200,31001966200,"Census Tract 9662, Adams County, Nebraska",2226,111
1400000US31003979600,31003979600,"Census Tract 9796, Antelope County, Nebraska",2258,132
1400000US31003979700,31003979700,"Census Tract 9797, Antelope County, Nebraska",1730,124
1400000US31003979800,31003979800,"Census Tract 9798, Antelope County, Nebraska",2667,126
1400000US31005958300,31005958300,"Census Tract 9583, Arthur County, Nebraska",490,64
1400000US31007954000,31007954000,"Census Tract 9540, Banner County, Nebraska",778,73
1400000US31009972400,31009972400,"Census Tract 9724, Blaine County, Nebraska",584,76
1400000US31011960100,31011960100,"Census Tract 9601, Boone County, Nebraska",3524,123
1400000US31011960200,31011960200,"Census Tract 9602, Boone County, Nebraska",1949,123
1400000US31013951100,31013951100,"Census Tract 9511, Box Butte County, Nebraska",2212,136
1400000US31013951200,31013951200,"Census Tract 9512, Box Butte County, Nebraska",4862,328
1400000US31013951300,31013951300,"Census Tract 9513, Box Butte County, Nebraska",4271,326
1400000US31015975800,31015975800,"Census Tract 9758, Boyd County, Nebraska",2025,114
1400000US31017975000,31017975000,"Census Tract 9750, Brown County, Nebraska",3183,97
1400000US31019968900,31019968900,"Census Tract 9689, Buffalo County, Nebraska",3504,219
1400000US31019969000,31019969000,"Census Tract 9690, Buffalo County, Nebraska",4095,252
1400000US31019969100,31019969100,"Census Tract 9691, Buffalo County, Nebraska",4519,248
1400000US31019969202,31019969202,"Census Tract 9692.02, Buffalo County, Nebraska",3714,222
1400000US31019969203,31019969203,"Census Tract 9692.03, Buffalo County, Nebraska",5019,411
1400000US31019969204,31019969204,"Census Tract 9692.04, Buffalo County, Nebraska",5166,331
1400000US31019969300,31019969300,"Census Tract 9693, Buffalo County, Nebraska",2452,272
1400000US31019969400,31019969400,"Census Tract 9694, Buffalo County, Nebraska",3987,297
1400000US31019969500,31019969500,"Census Tract 9695, Buffalo County, Nebraska",2206,240
1400000US31019969600,31019969600,"Census Tract 9696, Buffalo County, Nebraska",6006,438
1400000US31019969700,31019969700,"Census Tract 9697, Buffalo County, Nebraska",5662,277
1400000US31021963200,31021963200,"Census Tract 9632, Burt County, Nebraska",2258,126
1400000US31021963300,31021963300,"Census Tract 9633, Burt County, Nebraska",2461,141
1400000US31021963400,31021963400,"Census Tract 9634, Burt County, Nebraska",2110,144
1400000US31023967600,31023967600,"Census Tract 9676, Butler County, Nebraska",3391,123
1400000US31023967700,31023967700,"Census Tract 9677, Butler County, Nebraska",2978,70
1400000US31023967800,31023967800,"Census Tract 9678, Butler County, Nebraska",1976,121
1400000US31025965600,31025965600,"Census Tract 9656, Cass County, Nebraska",3596,248
1400000US31025965700,31025965700,"Census Tract 9657, Cass County, Nebraska",4741,287
1400000US31025965800,31025965800,"Census Tract 9658, Cass County, Nebraska",2883,128
1400000US31025965900,31025965900,"Census Tract 9659, Cass County, Nebraska",5109,284
1400000US31025966000,31025966000,"Census Tract 9660, Cass County, Nebraska",4056,245
1400000US31025966100,31025966100,"Census Tract 9661, Cass County, Nebraska",4829,270
1400000US31027977100,31027977100,"Census Tract 9771, Cedar County, Nebraska",4366,175
1400000US31027977200,31027977200,"Census Tract 9772, Cedar County, Nebraska",4441,175
1400000US31029961900,31029961900,"Census Tract 9619, Chase County, Nebraska",3964,0
1400000US31031955800,31031955800,"Census Tract 9558, Cherry County, Nebraska",4357,123
1400000US31031955900,31031955900,"Census Tract 9559, Cherry County, Nebraska",1365,123
1400000US31033954800,31033954800,"Census Tract 9548, Cheyenne County, Nebraska",2897,229
1400000US31033954900,31033954900,"Census Tract 9549, Cheyenne County, Nebraska",4314,238
1400000US31033955000,31033955000,"Census Tract 9550, Cheyenne County, Nebraska",2827,195
1400000US31035962100,31035962100,"Census Tract 9621, Clay County, Nebraska",3650,134
1400000US31035962200,31035962200,"Census Tract 9622, Clay County, Nebraska",2847,134
1400000US31037964600,31037964600,"Census Tract 9646, Colfax County, Nebraska",2365,152
1400000US31037964700,31037964700,"Census Tract 9647, Colfax County, Nebraska",1637,131
1400000US31037964800,31037964800,"Census Tract 9648, Colfax County, Nebraska",6451,147
1400000US31039972700,31039972700,"Census Tract 9727, Cuming County, Nebraska",2641,185
1400000US31039972800,31039972800,"Census Tract 9728, Cuming County, Nebraska",4362,216
1400000US31039972900,31039972900,"Census Tract 9729, Cuming County, Nebraska",2137,160
1400000US31041971700,31041971700,"Census Tract 9717, Custer County, Nebraska",2877,134
1400000US31041971800,31041971800,"Census Tract 9718, Custer County, Nebraska",2768,137
1400000US31041971900,31041971900,"Census Tract 9719, Custer County, Nebraska",3848,129
1400000US31041972000,31041972000,"Census Tract 9720, Custer County, Nebraska",1411,123
1400000US31043010100,31043010100,"Census Tract 101, Dakota County, Nebraska",6239,439
1400000US31043010200,31043010200,"Census Tract 102, Dakota County, Nebraska",6823,436
1400000US31043010300,31043010300,"Census Tract 103, Dakota County, Nebraska",4499,246
1400000US31043010400,31043010400,"Census Tract 104, Dakota County, Nebraska",3308,200
1400000US31045950600,31045950600,"Census Tract 9506, Dawes County, Nebraska",2659,233
1400000US31045950700,31045950700,"Census Tract 9507, Dawes County, Nebraska",6517,233
1400000US31047968000,31047968000,"Census Tract 9680, Dawson County, Nebraska",2601,174
1400000US31047968100,31047968100,"Census Tract 9681, Dawson County, Nebraska",1672,150
1400000US31047968200,31047968200,"Census Tract 9682, Dawson County, Nebraska",3651,57
1400000US31047968300,31047968300,"Census Tract 9683, Dawson County, Nebraska",4051,81
1400000US31047968400,31047968400,"Census Tract 9684, Dawson County, Nebraska",5247,332
1400000US31047968500,31047968500,"Census Tract 9685, Dawson County, Nebraska",5505,303
1400000US31047968600,31047968600,"Census Tract 9686, Dawson County, Nebraska",1540,142
1400000US31049955400,31049955400,"Census Tract 9554, Deuel County, Nebraska",1962,0
1400000US31051977600,31051977600,"Census Tract 9776, Dixon County, Nebraska",2678,124
1400000US31051977800,31051977800,"Census Tract 9778, Dixon County, Nebraska",3304,124
1400000US31053963600,31053963600,"Census Tract 9636, Dodge County, Nebraska",5139,269
1400000US31053963700,31053963700,"Census Tract 9637, Dodge County, Nebraska",2705,185
1400000US31053963800,31053963800,"Census Tract 9638, Dodge County, Nebraska",5139,364
1400000US31053963900,31053963900,"Census Tract 9639, Dodge County, Nebraska",3728,278
1400000US31053964000,31053964000,"Census Tract 9640, Dodge County, Nebraska",3432,209
1400000US31053964100,31053964100,"Census Tract 9641, Dodge County, Nebraska",4260,212
1400000US31053964200,31053964200,"Census Tract 9642, Dodge County, Nebraska",4014,256
1400000US31053964300,31053964300,"Census Tract 9643, Dodge County, Nebraska",4915,266
1400000US31053964400,31053964400,"Census Tract 9644, Dodge County, Nebraska",3258,361
1400000US31055000200,31055000200,"Census Tract 2, Douglas County, Nebraska",3580,384
1400000US31055000300,31055000300,"Census Tract 3, Douglas County, Nebraska",2489,266
1400000US31055000400,31055000400,"Census Tract 4, Douglas County, Nebraska",2538,394
1400000US31055000500,31055000500,"Census Tract 5, Douglas County, Nebraska",2080,345
1400000US31055000600,31055000600,"Census Tract 6, Douglas County, Nebraska",1426,266
1400000US31055000700,31055000700,"Census Tract 7, Douglas County, Nebraska",1158,218
1400000US31055000800,31055000800,"Census Tract 8, Douglas County, Nebraska",2040,328
1400000US31055001100,31055001100,"Census Tract 11, Douglas County, Nebraska",2734,305
1400000US31055001200,31055001200,"Census Tract 12, Douglas County, Nebraska",2709,422
1400000US31055001600,31055001600,"Census Tract 16, Douglas County, Nebraska",2351,416
1400000US31055001800,31055001800,"Census Tract 18, Douglas County, Nebraska",3442,293
1400000US31055001900,31055001900,"Census Tract 19, Douglas County, Nebraska",1276,185
1400000US31055002000,31055002000,"Census Tract 20, Douglas County, Nebraska",4052,522
1400000US31055002100,31055002100,"Census Tract 21, Douglas County, Nebraska",2191,332
1400000US31055002200,31055002200,"Census Tract 22, Douglas County, Nebraska",1129,215
1400000US31055002300,31055002300,"Census Tract 23, Douglas County, Nebraska",2435,260
1400000US31055002400,31055002400,"Census Tract 24, Douglas County, Nebraska",3439,456
1400000US31055002500,31055002500,"Census Tract 25, Douglas County, Nebraska",2620,341
1400000US31055002600,31055002600,"Census Tract 26, Douglas County, Nebraska",2492,392
1400000US31055002700,31055002700,"Census Tract 27, Douglas County, Nebraska",2362,328
1400000US31055002800,31055002800,"Census Tract 28, Douglas County, Nebraska",2985,331
1400000US31055002900,31055002900,"Census Tract 29, Douglas County, Nebraska",5097,591
1400000US31055003000,31055003000,"Census Tract 30, Douglas County, Nebraska",6546,860
1400000US31055003100,31055003100,"Census Tract 31, Douglas County, Nebraska",3635,282
1400000US31055003200,31055003200,"Census Tract 32, Douglas County, Nebraska",2735,392
1400000US31055003300,31055003300,"Census Tract 33, Douglas County, Nebraska",2677,286
1400000US31055003401,31055003401,"Census Tract 34.01, Douglas County, Nebraska",4019,523
1400000US31055003402,31055003402,"Census Tract 34.02, Douglas County, Nebraska",2529,137
1400000US31055003500,31055003500,"Census Tract 35, Douglas County, Nebraska",4546,298
1400000US31055003600,31055003600,"Census Tract 36, Douglas County, Nebraska",4075,249
1400000US31055003700,31055003700,"Census Tract 37, Douglas County, Nebraska",2552,246
1400000US31055003800,31055003800,"Census Tract 38, Douglas County, Nebraska",3877,389
1400000US31055003900,31055003900,"Census Tract 39, Douglas County, Nebraska",2888,502
1400000US31055004000,31055004000,"Census Tract 40, Douglas County, Nebraska",2951,432
1400000US31055004200,31055004200,"Census Tract 42, Douglas County, Nebraska",1764,263
1400000US31055004300,31055004300,"Census Tract 43, Douglas County, Nebraska",2912,332
1400000US31055004400,31055004400,"Census Tract 44, Douglas County, Nebraska",1174,110
1400000US31055004500,31055004500,"Census Tract 45, Douglas County, Nebraska",2997,198
1400000US31055004600,31055004600,"Census Tract 46, Douglas County, Nebraska",2619,199
1400000US31055004700,31055004700,"Census Tract 47, Douglas County, Nebraska",2804,216
1400000US31055004800,31055004800,"Census Tract 48, Douglas County, Nebraska",4852,637
1400000US31055004900,31055004900,"Census Tract 49, Douglas County, Nebraska",4421,514
1400000US31055005000,31055005000,"Census Tract 50, Douglas County, Nebraska",3902,542
1400000US31055005100,31055005100,"Census Tract 51, Douglas County, Nebraska",2493,405
1400000US31055005200,31055005200,"Census Tract 52, Douglas County, Nebraska",1468,259
1400000US31055005300,31055005300,"Census Tract 53, Douglas County, Nebraska",2017,278
1400000US31055005400,31055005400,"Census Tract 54, Douglas County, Nebraska",3219,478
1400000US31055005500,31055005500,"Census Tract 55, Douglas County, Nebraska",5089,303
1400000US31055005600,31055005600,"Census Tract 56, Douglas County, Nebraska",4837,421
1400000US31055005700,31055005700,"Census Tract 57, Douglas County, Nebraska",4214,311
1400000US31055005800,31055005800,"Census Tract 58, Douglas County, Nebraska",3987,407
1400000US31055005901,31055005901,"Census Tract 59.01, Douglas County, Nebraska",2214,321
1400000US31055005902,31055005902,"Census Tract 59.02, Douglas County, Nebraska",1950,450
1400000US31055006000,31055006000,"Census Tract 60, Douglas County, Nebraska",4008,471
1400000US31055006101,31055006101,"Census Tract 61.01, Douglas County, Nebraska",2047,342
1400000US31055006102,31055006102,"Census Tract 61.02, Douglas County, Nebraska",4164,524
1400000US31055006202,31055006202,"Census Tract 62.02, Douglas County, Nebraska",4546,457
1400000US31055006301,31055006301,"Census Tract 63.01, Douglas County, Nebraska",2584,218
1400000US31055006302,31055006302,"Census Tract 63.02, Douglas County, Nebraska",4508,411
1400000US31055006303,31055006303,"Census Tract 63.03, Douglas County, Nebraska",2957,321
1400000US31055006400,31055006400,"Census Tract 64, Douglas County, Nebraska",4861,353
1400000US31055006503,31055006503,"Census Tract 65.03, Douglas County, Nebraska",2699,192
1400000US31055006504,31055006504,"Census Tract 65.04, Douglas County, Nebraska",3437,232
1400000US31055006505,31055006505,"Census Tract 65.05, Douglas County, Nebraska",1927,178
1400000US31055006506,31055006506,"Census Tract 65.06, Douglas County, Nebraska",3615,374
1400000US31055006602,31055006602,"Census Tract 66.02, Douglas County, Nebraska",5762,422
1400000US31055006603,31055006603,"Census Tract 66.03, Douglas County, Nebraska",2833,432
1400000US31055006604,31055006604,"Census Tract 66.04, Douglas County, Nebraska",3972,271
1400000US31055006701,31055006701,"Census Tract 67.01, Douglas County, Nebraska",3824,287
1400000US31055006703,31055006703,"Census Tract 67.03, Douglas County, Nebraska",3176,294
1400000US31055006704,31055006704,"Census Tract 67.04, Douglas County, Nebraska",1598,136
1400000US31055006803,31055006803,"Census Tract 68.03, Douglas County, Nebraska",1940,116
1400000US31055006804,31055006804,"Census Tract 68.04, Douglas County, Nebraska",1527,127
1400000US31055006805,31055006805,"Census Tract 68.05, Douglas County, Nebraska",3329,184
1400000US31055006806,31055006806,"Census Tract 68.06, Douglas County, Nebraska",2579,259
1400000US31055006903,31055006903,"Census Tract 69.03, Douglas County, Nebraska",2575,217
1400000US31055006904,31055006904,"Census Tract 69.04, Douglas County, Nebraska",3883,262
1400000US31055006905,31055006905,"Census Tract 69.05, Douglas County, Nebraska",1820,137
1400000US31055006906,31055006906,"Census Tract 69.06, Douglas County, Nebraska",3352,227
1400000US31055007001,31055007001,"Census Tract 70.01, Douglas County, Nebraska",3506,351
1400000US31055007002,31055007002,"Census Tract 70.02, Douglas County, Nebraska",3301,213
1400000US31055007003,31055007003,"Census Tract 70.03, Douglas County, Nebraska",2674,204
1400000US31055007101,31055007101,"Census Tract 71.01, Douglas County, Nebraska",3292,248
1400000US31055007102,31055007102,"Census Tract 71.02, Douglas County, Nebraska",3549,280
1400000US31055007303,31055007303,"Census Tract 73.03, Douglas County, Nebraska",3028,279
1400000US31055007304,31055007304,"Census Tract 73.04, Douglas County, Nebraska",1451,132
1400000US31055007309,31055007309,"Census Tract 73.09, Douglas County, Nebraska",3933,231
1400000US31055007310,31055007310,"Census Tract 73.10, Douglas County, Nebraska",2799,246
1400000US31055007311,31055007311,"Census Tract 73.11, Douglas County, Nebraska",3563,283
1400000US31055007312,31055007312,"Census Tract 73.12, Douglas County, Nebraska",1831,187
1400000US31055007313,31055007313,"Census Tract 73.13, Douglas County, Nebraska",6540,327
1400000US31055007314,31055007314,"Census Tract 73.14, Douglas County, Nebraska",2873,189
1400000US31055007315,31055007315,"Census Tract 73.15, Douglas County, Nebraska",3520,298
1400000US31055007316,31055007316,"Census Tract 73.16, Douglas County, Nebraska",2931,237
1400000US31055007317,31055007317,"Census Tract 73.17, Douglas County, Nebraska",4223,288
1400000US31055007318,31055007318,"Census Tract 73.18, Douglas County, Nebraska",3691,228
1400000US31055007405,31055007405,"Census Tract 74.05, Douglas County, Nebraska",2304,204
1400000US31055007406,31055007406,"Census Tract 74.06, Douglas County, Nebraska",4942,346
1400000US31055007407,31055007407,"Census Tract 74.07, Douglas County, Nebraska",3121,346
1400000US31055007408,31055007408,"Census Tract 74.08, Douglas County, Nebraska",4102,271
1400000US31055007409,31055007409,"Census Tract 74.09, Douglas County, Nebraska",2380,138
1400000US31055007424,31055007424,"Census Tract 74.24, Douglas County, Nebraska",2928,217
1400000US31055007429,31055007429,"Census Tract 74.29, Douglas County, Nebraska",3741,199
1400000US31055007431,31055007431,"Census Tract 74.31, Douglas County, Nebraska",4166,256
1400000US31055007432,31055007432,"Census Tract 74.32, Douglas County, Nebraska",3367,216
1400000US31055007433,31055007433,"Census Tract 74.33, Douglas County, Nebraska",3948,289
1400000US31055007434,31055007434,"Census Tract 74.34, Douglas County, Nebraska",3709,423
1400000US31055007435,31055007435,"Census Tract 74.35, Douglas County, Nebraska",3847,254
1400000US31055007436,31055007436,"Census Tract 74.36, Douglas County, Nebraska",4668,618
1400000US31055007438,31055007438,"Census Tract 74.38, Douglas County, Nebraska",1920,234
1400000US31055007439,31055007439,"Census Tract 74.39, Douglas County, Nebraska",4616,185
1400000US31055007440,31055007440,"Census Tract 74.40, Douglas County, Nebraska",1878,185
1400000US31055007441,31055007441,"Census Tract 74.41, Douglas County, Nebraska",2631,242
1400000US31055007442,31055007442,"Census Tract 74.42, Douglas County, Nebraska",4927,232
1400000US31055007443,31055007443,"Census Tract 74.43, Douglas County, Nebraska",3473,180
1400000US31055007444,31055007444,"Census Tract 74.44, Douglas County, Nebraska",4232,440
1400000US31055007445,31055007445,"Census Tract 74.45, Douglas County, Nebraska",2357,204
1400000US31055007446,31055007446,"Census Tract 74.46, Douglas County, Nebraska",3933,203
1400000US31055007447,31055007447,"Census Tract 74.47, Douglas County, Nebraska",2969,171
1400000US31055007448,31055007448,"Census Tract 74.48, Douglas County, Nebraska",2717,230
1400000US31055007449,31055007449,"Census Tract 74.49, Douglas County, Nebraska",3226,177
1400000US31055007450,31055007450,"Census Tract 74.50, Douglas County, Nebraska",3301,274
1400000US31055007451,31055007451,"Census Tract 74.51, Douglas County, Nebraska",5065,363
1400000US31055007452,31055007452,"Census Tract 74.52, Douglas County, Nebraska",5279,307
1400000US31055007453,31055007453,"Census Tract 74.53, Douglas County, Nebraska",3471,163
1400000US31055007454,31055007454,"Census Tract 74.54, Douglas County, Nebraska",4252,233
1400000US31055007455,31055007455,"Census Tract 74.55, Douglas County, Nebraska",1582,189
1400000US31055007456,31055007456,"Census Tract 74.56, Douglas County, Nebraska",2240,269
1400000US31055007457,31055007457,"Census Tract 74.57, Douglas County, Nebraska",2700,155
1400000US31055007458,31055007458,"Census Tract 74.58, Douglas County, Nebraska",2737,413
1400000US31055007459,31055007459,"Census Tract 74.59, Douglas County, Nebraska",2974,214
1400000US31055007460,31055007460,"Census Tract 74.60, Douglas County, Nebraska",4137,277
1400000US31055007461,31055007461,"Census Tract 74.61, Douglas County, Nebraska",6118,185
1400000US31055007462,31055007462,"Census Tract 74.62, Douglas County, Nebraska",4648,240
1400000US31055007463,31055007463,"Census Tract 74.63, Douglas County, Nebraska",4451,243
1400000US31055007464,31055007464,"Census Tract 74.64, Douglas County, Nebraska",2631,183
1400000US31055007465,31055007465,"Census Tract 74.65, Douglas County, Nebraska",4286,362
1400000US31055007466,31055007466,"Census Tract 74.66, Douglas County, Nebraska",5443,445
1400000US31055007467,31055007467,"Census Tract 74.67, Douglas County, Nebraska",5224,426
1400000US31055007468,31055007468,"Census Tract 74.68, Douglas County, Nebraska",2433,220
1400000US31055007469,31055007469,"Census Tract 74.69, Douglas County, Nebraska",3385,198
1400000US31055007470,31055007470,"Census Tract 74.70, Douglas County, Nebraska",5571,318
1400000US31055007471,31055007471,"Census Tract 74.71, Douglas County, Nebraska",3378,213
1400000US31055007472,31055007472,"Census Tract 74.72, Douglas County, Nebraska",4404,270
1400000US31055007504,31055007504,"Census Tract 75.04, Douglas County, Nebraska",3056,258
1400000US31055007505,31055007505,"Census Tract 75.05, Douglas County, Nebraska",3495,568
1400000US31055007506,31055007506,"Census Tract 75.06, Douglas County, Nebraska",2090,175
1400000US31055007508,31055007508,"Census Tract 75.08, Douglas County, Nebraska",2362,164
1400000US31055007509,31055007509,"Census Tract 75.09, Douglas County, Nebraska",3906,235
1400000US31055007511,31055007511,"Census Tract 75.11, Douglas County, Nebraska",4664,564
1400000US31055007512,31055007512,"Census Tract 75.12, Douglas County, Nebraska",5529,382
1400000US31055007513,31055007513,"Census Tract 75.13, Douglas County, Nebraska",4419,399
1400000US31055007514,31055007514,"Census Tract 75.14, Douglas County, Nebraska",3109,153
1400000US31055007515,31055007515,"Census Tract 75.15, Douglas County, Nebraska",3420,221
1400000US31055007516,31055007516,"Census Tract 75.16, Douglas County, Nebraska",3185,233
1400000US31055007517,31055007517,"Census Tract 75.17, Douglas County, Nebraska",4408,261
1400000US31057962300,31057962300,"Census Tract 9623, Dundy County, Nebraska",1996,0
1400000US31059091600,31059091600,"Census Tract 916, Fillmore County, Nebraska",2204,136
1400000US31059091700,31059091700,"Census Tract 917, Fillmore County, Nebraska",3663,136
1400000US31061964600,31061964600,"Census Tract 9646, Franklin County, Nebraska",1309,84
1400000US31061964700,31061964700,"Census Tract 9647, Franklin County, Nebraska",1887,84
1400000US31063961100,31063961100,"Census Tract 9611, Frontier County, Nebraska",2693,99
1400000US31065963900,31065963900,"Census Tract 9639, Furnas County, Nebraska",4922,0
1400000US31067964600,31067964600,"Census Tract 9646, Gage County, Nebraska",2551,171
1400000US31067964700,31067964700,"Census Tract 9647, Gage County, Nebraska",3648,203
1400000US31067964800,31067964800,"Census Tract 9648, Gage County, Nebraska",4049,289
1400000US31067964900,31067964900,"Census Tract 9649, Gage County, Nebraska",3509,279
1400000US31067965000,31067965000,"Census Tract 9650, Gage County, Nebraska",3551,223
1400000US31067965100,31067965100,"Census Tract 9651, Gage County, Nebraska",2117,237
1400000US31067965200,31067965200,"Census Tract 9652, Gage County, Nebraska",2784,166
1400000US31069952100,31069952100,"Census Tract 9521, Garden County, Nebraska",2011,92
1400000US31071973200,31071973200,"Census Tract 9732, Garfield County, Nebraska",2106,115
1400000US31073967600,31073967600,"Census Tract 9676, Gosper County, Nebraska",2020,0
1400000US31075956300,31075956300,"Census Tract 9563, Grant County, Nebraska",608,89
1400000US31077970900,31077970900,"Census Tract 9709, Greeley County, Nebraska",2515,0
1400000US31079000100,31079000100,"Census Tract 1, Hall County, Nebraska",2440,179
1400000US31079000200,31079000200,"Census Tract 2, Hall County, Nebraska",5563,560
1400000US31079000300,31079000300,"Census Tract 3, Hall County, Nebraska",6696,533
1400000US31079000400,31079000400,"Census Tract 4, Hall County, Nebraska",5242,345
1400000US31079000500,31079000500,"Census Tract 5, Hall County, Nebraska",4477,223
1400000US31079000600,31079000600,"Census Tract 6, Hall County, Nebraska",4467,358
1400000US31079000700,31079000700,"Census Tract 7, Hall County, Nebraska",4128,396
1400000US31079000800,31079000800,"Census Tract 8, Hall County, Nebraska",2926,204
1400000US31079000900,31079000900,"Census Tract 9, Hall County, Nebraska",5350,475
1400000US31079001000,31079001000,"Census Tract 10, Hall County, Nebraska",4641,387
1400000US31079001100,31079001100,"Census Tract 11, Hall County, Nebraska",4458,409
1400000US31079001200,31079001200,"Census Tract 12, Hall County, Nebraska",3579,207
1400000US31079001300,31079001300,"Census Tract 13, Hall County, Nebraska",2752,222
1400000US31079001400,31079001400,"Census Tract 14, Hall County, Nebraska",1962,200
1400000US31081969100,31081969100,"Census Tract 9691, Hamilton County, Nebraska",1881,133
1400000US31081969200,31081969200,"Census Tract 9692, Hamilton County, Nebraska",2548,161
1400000US31081969300,31081969300,"Census Tract 9693, Hamilton County, Nebraska",4667,120
1400000US31083964200,31083964200,"Census Tract 9642, Harlan County, Nebraska",3419,0
1400000US31085961500,31085961500,"Census Tract 9615, Hayes County, Nebraska",1037,99
1400000US31087962700,31087962700,"Census Tract 9627, Hitchcock County, Nebraska",2898,0
1400000US31089974000,31089974000,"Census Tract 9740, Holt County, Nebraska",1490,201
1400000US31089974100,31089974100,"Census Tract 9741, Holt County, Nebraska",2770,175
1400000US31089974200,31089974200,"Census Tract 9742, Holt County, Nebraska",1867,160
1400000US31089974300,31089974300,"Census Tract 9743, Holt County, Nebraska",4291,210
1400000US31091956700,31091956700,"Census Tract 9567, Hooker County, Nebraska",689,88
1400000US31093970500,31093970500,"Census Tract 9705, Howard County, Nebraska",1763,130
1400000US31093970600,31093970600,"Census Tract 9706, Howard County, Nebraska",4531,130
1400000US31095963600,31095963600,"Census Tract 9636, Jefferson County, Nebraska",3300,162
1400000US31095963700,31095963700,"Census Tract 9637, Jefferson County, Nebraska",2960,203
1400000US31095963800,31095963800,"Census Tract 9638, Jefferson County, Nebraska",1312,147
1400000US31097967500,31097967500,"Census Tract 9675, Johnson County, Nebraska",2096,142
1400000US31097967600,31097967600,"Census Tract 9676, Johnson County, Nebraska",3092,142
1400000US31099966600,31099966600,"Census Tract 9666, Kearney County, Nebraska",3695,166
1400000US31099966700,31099966700,"Census Tract 9667, Kearney County, Nebraska",2819,166
1400000US31101000100,31101000100,"Census Tract 1, Keith County, Nebraska",1451,124
1400000US31101000200,31101000200,"Census Tract 2, Keith County, Nebraska",3244,133
1400000US31101000300,31101000300,"Census Tract 3, Keith County, Nebraska",3589,66
1400000US31103975400,31103975400,"Census Tract 9754, Keya Paha County, Nebraska",742,97
1400000US31105954500,31105954500,"Census Tract 9545, Kimball County, Nebraska",3789,0
1400000US31107976200,31107976200,"Census Tract 9762, Knox County, Nebraska",3112,146
1400000US31107976300,31107976300,"Census Tract 9763, Knox County, Nebraska",2406,118
1400000US31107976400,31107976400,"Census Tract 9764, Knox County, Nebraska",3130,166
1400000US31109000100,31109000100,"Census Tract 1, Lancaster County, Nebraska",3681,274
1400000US31109000201,31109000201,"Census Tract 2.01, Lancaster County, Nebraska",4645,285
1400000US31109000202,31109000202,"Census Tract 2.02, Lancaster County, Nebraska",4286,446
1400000US31109000300,31109000300,"Census Tract 3, Lancaster County, Nebraska",3236,243
1400000US31109000400,31109000400,"Census Tract 4, Lancaster County, Nebraska",5488,458
1400000US31109000500,31109000500,"Census Tract 5, Lancaster County, Nebraska",1766,331
1400000US31109000600,31109000600,"Census Tract 6, Lancaster County, Nebraska",6313,981
1400000US31109000700,31109000700,"Census Tract 7, Lancaster County, Nebraska",2508,348
1400000US31109000800,31109000800,"Census Tract 8, Lancaster County, Nebraska",3228,386
1400000US31109000900,31109000900,"Census Tract 9, Lancaster County, Nebraska",3645,303
1400000US31109001001,31109001001,"Census Tract 10.01, Lancaster County, Nebraska",2531,284
1400000US31109001002,31109001002,"Census Tract 10.02, Lancaster County, Nebraska",1538,206
1400000US31109001003,31109001003,"Census Tract 10.03, Lancaster County, Nebraska",3467,349
1400000US31109001101,31109001101,"Census Tract 11.01, Lancaster County, Nebraska",4534,233
1400000US31109001102,31109001102,"Census Tract 11.02, Lancaster County, Nebraska",3412,182
1400000US31109001200,31109001200,"Census Tract 12, Lancaster County, Nebraska",5589,432
1400000US31109001301,31109001301,"Census Tract 13.01, Lancaster County, Nebraska",3353,205
1400000US31109001302,31109001302,"Census Tract 13.02, Lancaster County, Nebraska",2856,111
1400000US31109001400,31109001400,"Census Tract 14, Lancaster County, Nebraska",4800,290
1400000US31109001500,31109001500,"Census Tract 15, Lancaster County, Nebraska",4280,410
1400000US31109001600,31109001600,"Census Tract 16, Lancaster County, Nebraska",5627,532
1400000US31109001700,31109001700,"Census Tract 17, Lancaster County, Nebraska",5271,483
1400000US31109001800,31109001800,"Census Tract 18, Lancaster County, Nebraska",1578,303
1400000US31109001900,31109001900,"Census Tract 19, Lancaster County, Nebraska",937,167
1400000US31109002001,31109002001,"Census Tract 20.01, Lancaster County, Nebraska",2454,416
1400000US31109002002,31109002002,"Census Tract 20.02, Lancaster County, Nebraska",2839,279
1400000US31109002100,31109002100,"Census Tract 21, Lancaster County, Nebraska",2178,399
1400000US31109002200,31109002200,"Census Tract 22, Lancaster County, Nebraska",5402,600
1400000US31109002300,31109002300,"Census Tract 23, Lancaster County, Nebraska",5853,369
1400000US31109002400,31109002400,"Census Tract 24, Lancaster County, Nebraska",3107,150
1400000US31109002500,31109002500,"Census Tract 25, Lancaster County, Nebraska",5675,322
1400000US31109002701,31109002701,"Census Tract 27.01, Lancaster County, Nebraska",3396,428
1400000US31109002702,31109002702,"Census Tract 27.02, Lancaster County, Nebraska",5368,300
1400000US31109002800,31109002800,"Census Tract 28, Lancaster County, Nebraska",5739,291
1400000US31109002900,31109002900,"Census Tract 29, Lancaster County, Nebraska",5239,514
1400000US31109003001,31109003001,"Census Tract 30.01, Lancaster County, Nebraska",6423,321
1400000US31109003002,31109003002,"Census Tract 30.02, Lancaster County, Nebraska",3262,260
1400000US31109003003,31109003003,"Census Tract 30.03, Lancaster County, Nebraska",4663,383
1400000US31109003102,31109003102,"Census Tract 31.02, Lancaster County, Nebraska",5852,423
1400000US31109003103,31109003103,"Census Tract 31.03, Lancaster County, Nebraska",2495,339
1400000US31109003104,31109003104,"Census Tract 31.04, Lancaster County, Nebraska",5944,473
1400000US31109003202,31109003202,"Census Tract 32.02, Lancaster County, Nebraska",3144,356
1400000US31109003301,31109003301,"Census Tract 33.01, Lancaster County, Nebraska",4544,513
1400000US31109003302,31109003302,"Census Tract 33.02, Lancaster County, Nebraska",3801,222
1400000US31109003401,31109003401,"Census Tract 34.01, Lancaster County, Nebraska",6011,432
1400000US31109003402,31109003402,"Census Tract 34.02, Lancaster County, Nebraska",6226,518
1400000US31109003500,31109003500,"Census Tract 35, Lancaster County, Nebraska",161,94
1400000US31109003601,31109003601,"Census Tract 36.01, Lancaster County, Nebraska",1131,162
1400000US31109003604,31109003604,"Census Tract 36.04, Lancaster County, Nebraska",2719,122
1400000US31109003605,31109003605,"Census Tract 36.05, Lancaster County, Nebraska",3280,256
1400000US31109003607,31109003607,"Census Tract 36.07, Lancaster County, Nebraska",3776,214
1400000US31109003608,31109003608,"Census Tract 36.08, Lancaster County, Nebraska",1109,135
1400000US31109003609,31109003609,"Census Tract 36.09, Lancaster County, Nebraska",2215,123
1400000US31109003704,31109003704,"Census Tract 37.04, Lancaster County, Nebraska",5110,341
1400000US31109003706,31109003706,"Census Tract 37.06, Lancaster County, Nebraska",5838,309
1400000US31109003707,31109003707,"Census Tract 37.07, Lancaster County, Nebraska",7704,383
1400000US31109003708,31109003708,"Census Tract 37.08, Lancaster County, Nebraska",4303,208
1400000US31109003709,31109003709,"Census Tract 37.09, Lancaster County, Nebraska",5149,295
1400000US31109003713,31109003713,"Census Tract 37.13, Lancaster County, Nebraska",2387,136
1400000US31109003714,31109003714,"Census Tract 37.14, Lancaster County, Nebraska",2174,329
1400000US31109003715,31109003715,"Census Tract 37.15, Lancaster County, Nebraska",2492,129
1400000US31109003716,31109003716,"Census Tract 37.16, Lancaster County, Nebraska",4673,334
1400000US31109003717,31109003717,"Census Tract 37.17, Lancaster County, Nebraska",3079,306
1400000US31109003718,31109003718,"Census Tract 37.18, Lancaster County, Nebraska",1936,161
1400000US31109003719,31109003719,"Census Tract 37.19, Lancaster County, Nebraska",3488,233
1400000US31109003720,31109003720,"Census Tract 37.20, Lancaster County, Nebraska",1337,157
1400000US31109003801,31109003801,"Census Tract 38.01, Lancaster County, Nebraska",4707,267
1400000US31109003802,31109003802,"Census Tract 38.02, Lancaster County, Nebraska",2799,273
1400000US31109010100,31109010100,"Census Tract 101, Lancaster County, Nebraska",6037,373
1400000US31109010201,31109010201,"Census Tract 102.01, Lancaster County, Nebraska",4026,472
1400000US31109010202,31109010202,"Census Tract 102.02, Lancaster County, Nebraska",4261,349
1400000US31109010300,31109010300,"Census Tract 103, Lancaster County, Nebraska",3913,208
1400000US31109010400,31109010400,"Census Tract 104, Lancaster County, Nebraska",8091,386
1400000US31109983200,31109983200,"Census Tract 9832, Lancaster County, Nebraska",346,94
1400000US31111959700,31111959700,"Census Tract 9597, Lincoln County, Nebraska",3549,210
1400000US31111959800,31111959800,"Census Tract 9598, Lincoln County, Nebraska",3105,213
1400000US31111959900,31111959900,"Census Tract 9599, Lincoln County, Nebraska",5088,420
1400000US31111960200,31111960200,"Census Tract 9602, Lincoln County, Nebraska",5057,359
1400000US31111960300,31111960300,"Census Tract 9603, Lincoln County, Nebraska",4424,398
1400000US31111960400,31111960400,"Census Tract 9604, Lincoln County, Nebraska",5901,378
1400000US31111960500,31111960500,"Census Tract 9605, Lincoln County, Nebraska",5037,305
1400000US31111960600,31111960600,"Census Tract 9606, Lincoln County, Nebraska",4051,218
1400000US31113957500,31113957500,"Census Tract 9575, Logan County, Nebraska",724,74
1400000US31115972800,31115972800,"Census Tract 9728, Loup County, Nebraska",534,83
1400000US31117957900,31117957900,"Census Tract 9579, McPherson County, Nebraska",348,68
1400000US31119960600,31119960600,"Census Tract 9606, Madison County, Nebraska",5189,265
1400000US31119960700,31119960700,"Census Tract 9607, Madison County, Nebraska",3007,237
1400000US31119960801,31119960801,"Census Tract 9608.01, Madison County, Nebraska",4694,244
1400000US31119960802,31119960802,"Census Tract 9608.02, Madison County, Nebraska",3315,180
1400000US31119960900,31119960900,"Census Tract 9609, Madison County, Nebraska",4772,371
1400000US31119961000,31119961000,"Census Tract 9610, Madison County, Nebraska",3238,291
1400000US31119961100,31119961100,"Census Tract 9611, Madison County, Nebraska",2058,305
1400000US31119961200,31119961200,"Census Tract 9612, Madison County, Nebraska",3362,214
1400000US31119961300,31119961300,"Census Tract 9613, Madison County, Nebraska",5131,270
1400000US31121966600,31121966600,"Census Tract 9666, Merrick County, Nebraska",1770,154
1400000US31121966700,31121966700,"Census Tract 9667, Merrick County, Nebraska",2634,146
1400000US31121966800,31121966800,"Census Tract 9668, Merrick County, Nebraska",3375,216
1400000US31123952500,31123952500,"Census Tract 9525, Morrill County, Nebraska",4993,0
1400000US31125966100,31125966100,"Census Tract 9661, Nance County, Nebraska",3730,0
1400000US31127968100,31127968100,"Census Tract 9681, Nemaha County, Nebraska",3597,88
1400000US31127968200,31127968200,"Census Tract 9682, Nemaha County, Nebraska",3627,88
1400000US31129960000,31129960000,"Census Tract 9600, Nuckolls County, Nebraska",2345,134
1400000US31129960100,31129960100,"Census Tract 9601, Nuckolls County, Nebraska",2145,134
1400000US31131966600,31131966600,"Census Tract 9666, Otoe County, Nebraska",2089,127
1400000US31131966700,31131966700,"Census Tract 9667, Otoe County, Nebraska",3089,171
1400000US31131966800,31131966800,"Census Tract 9668, Otoe County, Nebraska",2998,205
1400000US31131966900,31131966900,"Census Tract 9669, Otoe County, Nebraska",4635,263
1400000US31131967000,31131967000,"Census Tract 9670, Otoe County, Nebraska",2918,240
1400000US31133967800,31133967800,"Census Tract 9678, Pawnee County, Nebraska",2753,0
1400000US31135959300,31135959300,"Census Tract 9593, Perkins County, Nebraska",2947,0
1400000US31137967000,31137967000,"Census Tract 9670, Phelps County, Nebraska",2817,257
1400000US31137967100,31137967100,"Census Tract 9671, Phelps County, Nebraska",3191,240
1400000US31137967200,31137967200,"Census Tract 9672, Phelps County, Nebraska",3176,203
1400000US31139979100,31139979100,"Census Tract 9791, Pierce County, Nebraska",3913,149
1400000US31139979200,31139979200,"Census Tract 9792, Pierce County, Nebraska",3318,149
1400000US31141965100,31141965100,"Census Tract 9651, Platte County, Nebraska",3940,178
1400000US31141965298,31141965298,"Census Tract 9652.98, Platte County, Nebraska",3157,186
1400000US31141965300,31141965300,"Census Tract 9653, Platte County, Nebraska",7078,428
1400000US31141965400,31141965400,"Census Tract 9654, Platte County, Nebraska",4215,359
1400000US31141965500,31141965500,"Census Tract 9655, Platte County, Nebraska",5852,296
1400000US31141965600,31141965600,"Census Tract 9656, Platte County, Nebraska",5030,401
1400000US31141965700,31141965700,"Census Tract 9657, Platte County, Nebraska",2923,314
1400000US31143960000,31143960000,"Census Tract 9600, Polk County, Nebraska",2013,117
1400000US31143960100,31143960100,"Census Tract 9601, Polk County, Nebraska",3358,117
1400000US31145963100,31145963100,"Census Tract 9631, Red Willow County, Nebraska",2727,196
1400000US31145963200,31145963200,"Census Tract 9632, Red Willow County, Nebraska",5031,278
1400000US31145963300,31145963300,"Census Tract 9633, Red Willow County, Nebraska",3255,284
1400000US31147964500,31147964500,"Census Tract 9645, Richardson County, Nebraska",1730,139
1400000US31147968500,31147968500,"Census Tract 9685, Richardson County, Nebraska",2017,161
1400000US31147968600,31147968600,"Census Tract 9686, Richardson County, Nebraska",4608,149
1400000US31149974600,31149974600,"Census Tract 9746, Rock County, Nebraska",1540,114
1400000US31151960600,31151960600,"Census Tract 9606, Saline County, Nebraska",7402,149
1400000US31151960700,31151960700,"Census Tract 9607, Saline County, Nebraska",2252,193
1400000US31151960800,31151960800,"Census Tract 9608, Saline County, Nebraska",1674,161
1400000US31151960900,31151960900,"Census Tract 9609, Saline County, Nebraska",2950,162
1400000US31153010103,31153010103,"Census Tract 101.03, Sarpy County, Nebraska",4548,209
1400000US31153010104,31153010104,"Census Tract 101.04, Sarpy County, Nebraska",1963,234
1400000US31153010105,31153010105,"Census Tract 101.05, Sarpy County, Nebraska",2869,172
1400000US31153010106,31153010106,"Census Tract 101.06, Sarpy County, Nebraska",4488,422
1400000US31153010107,31153010107,"Census Tract 101.07, Sarpy County, Nebraska",3325,271
1400000US31153010108,31153010108,"Census Tract 101.08, Sarpy County, Nebraska",3375,341
1400000US31153010203,31153010203,"Census Tract 102.03, Sarpy County, Nebraska",4549,215
1400000US31153010204,31153010204,"Census Tract 102.04, Sarpy County, Nebraska",3075,295
1400000US31153010205,31153010205,"Census Tract 102.05, Sarpy County, Nebraska",5468,269
1400000US31153010206,31153010206,"Census Tract 102.06, Sarpy County, Nebraska",4445,355
1400000US31153010207,31153010207,"Census Tract 102.07, Sarpy County, Nebraska",2089,210
1400000US31153010208,31153010208,"Census Tract 102.08, Sarpy County, Nebraska",2674,167
1400000US31153010302,31153010302,"Census Tract 103.02, Sarpy County, Nebraska",1232,269
1400000US31153010305,31153010305,"Census Tract 103.05, Sarpy County, Nebraska",1752,318
1400000US31153010306,31153010306,"Census Tract 103.06, Sarpy County, Nebraska",1999,250
1400000US31153010401,31153010401,"Census Tract 104.01, Sarpy County, Nebraska",2990,289
1400000US31153010402,31153010402,"Census Tract 104.02, Sarpy County, Nebraska",4810,387
1400000US31153010501,31153010501,"Census Tract 105.01, Sarpy County, Nebraska",6220,523
1400000US31153010502,31153010502,"Census Tract 105.02, Sarpy County, Nebraska",4458,479
1400000US31153010503,31153010503,"Census Tract 105.03, Sarpy County, Nebraska",3151,261
1400000US31153010614,31153010614,"Census Tract 106.14, Sarpy County, Nebraska",5441,235
1400000US31153010615,31153010615,"Census Tract 106.15, Sarpy County, Nebraska",2108,142
1400000US31153010616,31153010616,"Census Tract 106.16, Sarpy County, Nebraska",3582,225
1400000US31153010617,31153010617,"Census Tract 106.17, Sarpy County, Nebraska",5563,290
1400000US31153010618,31153010618,"Census Tract 106.18, Sarpy County, Nebraska",5698,253
1400000US31153010619,31153010619,"Census Tract 106.19, Sarpy County, Nebraska",4732,295
1400000US31153010620,31153010620,"Census Tract 106.20, Sarpy County, Nebraska",3307,241
1400000US31153010621,31153010621,"Census Tract 106.21, Sarpy County, Nebraska",5527,284
1400000US31153010622,31153010622,"Census Tract 106.22, Sarpy County, Nebraska",2878,160
1400000US31153010623,31153010623,"Census Tract 106.23, Sarpy County, Nebraska",4233,274
1400000US31153010624,31153010624,"Census Tract 106.24, Sarpy County, Nebraska",5858,375
1400000US31153010625,31153010625,"Census Tract 106.25, Sarpy County, Nebraska",5414,352
1400000US31153010626,31153010626,"Census Tract 106.26, Sarpy County, Nebraska",5071,239
1400000US31153010627,31153010627,"Census Tract 106.27, Sarpy County, Nebraska",2807,198
1400000US31153010628,31153010628,"Census Tract 106.28, Sarpy County, Nebraska",4268,391
1400000US31153010629,31153010629,"Census Tract 106.29, Sarpy County, Nebraska",1792,158
1400000US31153010630,31153010630,"Census Tract 106.30, Sarpy County, Nebraska",2225,199
1400000US31153010631,31153010631,"Census Tract 106.31, Sarpy County, Nebraska",4380,307
1400000US31153010632,31153010632,"Census Tract 106.32, Sarpy County, Nebraska",3677,268
1400000US31153010633,31153010633,"Census Tract 106.33, Sarpy County, Nebraska",2786,192
1400000US31153010634,31153010634,"Census Tract 106.34, Sarpy County, Nebraska",2716,175
1400000US31153010701,31153010701,"Census Tract 107.01, Sarpy County, Nebraska",2384,178
1400000US31153010702,31153010702,"Census Tract 107.02, Sarpy County, Nebraska",3486,227
1400000US31155968100,31155968100,"Census Tract 9681, Saunders County, Nebraska",3368,211
1400000US31155968200,31155968200,"Census Tract 9682, Saunders County, Nebraska",5610,225
1400000US31155968300,31155968300,"Census Tract 9683, Saunders County, Nebraska",4700,125
1400000US31155968400,31155968400,"Census Tract 9684, Saunders County, Nebraska",4093,175
1400000US31155968500,31155968500,"Census Tract 9685, Saunders County, Nebraska",2925,81
1400000US31157952900,31157952900,"Census Tract 9529, Scotts Bluff County, Nebraska",3018,332
1400000US31157953000,31157953000,"Census Tract 9530, Scotts Bluff County, Nebraska",3220,307
1400000US31157953100,31157953100,"Census Tract 9531, Scotts Bluff County, Nebraska",2223,185
1400000US31157953200,31157953200,"Census Tract 9532, Scotts Bluff County, Nebraska",1503,156
1400000US31157953300,31157953300,"Census Tract 9533, Scotts Bluff County, Nebraska",3669,367
1400000US31157953400,31157953400,"Census Tract 9534, Scotts Bluff County, Nebraska",2691,203
1400000US31157953500,31157953500,"Census Tract 9535, Scotts Bluff County, Nebraska",3179,312
1400000US31157953600,31157953600,"Census Tract 9536, Scotts Bluff County, Nebraska",2869,205
1400000US31157953700,31157953700,"Census Tract 9537, Scotts Bluff County, Nebraska",4479,354
1400000US31157953800,31157953800,"Census Tract 9538, Scotts Bluff County, Nebraska",4501,311
1400000US31157953900,31157953900,"Census Tract 9539, Scotts Bluff County, Nebraska",5483,346
1400000US31159960100,31159960100,"Census Tract 9601, Seward County, Nebraska",4267,183
1400000US31159960200,31159960200,"Census Tract 9602, Seward County, Nebraska",2398,191
1400000US31159960300,31159960300,"Census Tract 9603, Seward County, Nebraska",4956,182
1400000US31159960400,31159960400,"Census Tract 9604, Seward County, Nebraska",5108,171
1400000US31161951600,31161951600,"Census Tract 9516, Sheridan County, Nebraska",2059,153
1400000US31161951700,31161951700,"Census Tract 9517, Sheridan County, Nebraska",3373,153
1400000US31163970100,31163970100,"Census Tract 9701, Sherman County, Nebraska",3133,0
1400000US31165950100,31165950100,"Census Tract 9501, Sioux County, Nebraska",1262,73
1400000US31167962100,31167962100,"Census Tract 9621, Stanton County, Nebraska",1712,156
1400000US31167962200,31167962200,"Census Tract 9622, Stanton County, Nebraska",4427,156
1400000US31169963100,31169963100,"Census Tract 9631, Thayer County, Nebraska",2708,110
1400000US31169963200,31169963200,"Census Tract 9632, Thayer County, Nebraska",2487,110
1400000US31171957100,31171957100,"Census Tract 9571, Thomas County, Nebraska",831,87
1400000US31173940100,31173940100,"Census Tract 9401, Thurston County, Nebraska",4360,210
1400000US31173940200,31173940200,"Census Tract 9402, Thurston County, Nebraska",2566,210
1400000US31175971300,31175971300,"Census Tract 9713, Valley County, Nebraska",1834,146
1400000US31175971400,31175971400,"Census Tract 9714, Valley County, Nebraska",2488,168
1400000US31177050101,31177050101,"Census Tract 501.01, Washington County, Nebraska",3484,273
1400000US31177050102,31177050102,"Census Tract 501.02, Washington County, Nebraska",5206,286
1400000US31177050201,31177050201,"Census Tract 502.01, Washington County, Nebraska",4036,219
1400000US31177050202,31177050202,"Census Tract 502.02, Washington County, Nebraska",2933,187
1400000US31177050300,31177050300,"Census Tract 503, Washington County, Nebraska",4542,188
1400000US31179978600,31179978600,"Census Tract 9786, Wayne County, Nebraska",3765,102
1400000US31179978700,31179978700,"Census Tract 9787, Wayne County, Nebraska",5777,102
1400000US31181965000,31181965000,"Census Tract 9650, Webster County, Nebraska",1968,115
1400000US31181965100,31181965100,"Census Tract 9651, Webster County, Nebraska",1805,115
1400000US31183973600,31183973600,"Census Tract 9736, Wheeler County, Nebraska",725,115
1400000US31185969600,31185969600,"Census Tract 9696, York County, Nebraska",2741,169
1400000US31185969700,31185969700,"Census Tract 9697, York County, Nebraska",4243,255
1400000US31185969800,31185969800,"Census Tract 9698, York County, Nebraska",4394,304
1400000US31185969900,31185969900,"Census Tract 9699, York County, Nebraska",2349,187
